{"cameraMode":{"drawMode":0,"name":"Shaded","section":"Shading Mode"},"sceneLighting":false,"audioPlay":false,"sceneViewState":{"m_AlwaysRefresh":false,"showFog":true,"showSkybox":true,"showFlares":true,"showImageEffects":true,"showParticleSystems":true,"showVisualEffectGraphs":true,"m_FxEnabled":false},"in2DMode":false,"pivot":{"x":0.6558225154876709,"y":-0.2984260022640228,"z":0.6999526023864746},"rotation":{"x":0.12596043944358827,"y":-0.014884565956890583,"z":0.0018907706253230572,"w":0.9919249415397644},"size":0.19267822802066804,"orthographic":false}